name,c1_raw,c2_raw,c3_raw
Super OYO Capital O 1630 Hotel Syariah Ring Road,0.22,42.16,8.072413793103449
RedDoorz Syariah near Paradiso Beach Sabang,0.22,34.6,7.94375
OYO 1845 GM Inn Hotel,0.23,0.0,4.3999999999999995
HMQ Guest House,0.15000000000000002,0.0,0.0
Capital O 2018 Ring Road Guest House Syariah,0.22,43.18,7.581920903954802
Brand new vacation house- Private gated community,0.18000000000000002,0.0,5.666666666666667
The Pade Hotel,0.28,46.82,8.646212121212121
I am Backpacker Hostel,0.42,32.56,8.248484848484848
Mars Hotel Banda Aceh,0.25,0.0,6.811111111111111
Arpen Bungalow Iboih,0.28,0.0,6.290909090909091
GM INN HOTEL,0.39999999999999997,41.88,8.388652482269503
SeaGate Bungalows,0.18000000000000002,29.37,9.831155778894473
Nagoya Inn Sabang,0.0,0.0,10.0
Hotel Madinah,0.0,0.0,0.0
MyHome Hotel Aceh,0.27,30.57,8.37037037037037
Grand Aceh Hotel,0.22,30.59,7.513253012048193
QQ HOMESTAY,0.08,27.86,6.45
Anoi Itam Resort,0.18000000000000002,51.97,6.555555555555555
Banda Aceh Houses,0.0,0.0,0.0
Grand Lambhuk Hotel,0.0,48.03,9.8
RedDoorz Premium near Anoi Itam Beach Sabang,0.23,0.0,5.525
RedDoorz Syariah near RSUD Zainoel Abidin Banda Aceh,0.22,33.93,7.953846153846153
Beu Ceubeh Cottage - Family Room,0.13,38.28,9.040000000000001
De Mawar Hotel,0.0,0.0,0.0
RedDoorz Syariah Near Universitas Syiah Kuala Aceh,0.0,0.0,0.0
Homestay Syafari,0.0,0.0,0.0
Furqan Guest House,0.03,0.0,0.0
AFARIS Residence By Amazing,0.39999999999999997,0.0,5.925
Seventeen Hotel,0.15,0.0,8.789090909090909
Hotel Medan Banda Aceh,0.27,42.83,9.709090909090909
Mita Mulia Hotel By Calandra,0.3,0.0,8.273684210526316
Hotel Anggrek Banda Aceh,0.1,0.0,5.2
Grand Nanggroe Hotel,0.28,40.49,6.642045454545454
Amel Hotel Convention Hall,0.39999999999999997,0.0,9.136842105263158
Lumba Lumba Diving Centre & Beach Resort,0.22,0.0,9.0
Tyasha Homestay,0.07,64.85,9.6
Hotel AMEL,0.25,37.52,8.961209964412811
Capital O 90682 Hotel Bayu Hill,0.2,0.0,10.0
Depik Inn,0.38,48.09,9.192857142857141
RedDoorz Syariah near Danau Lut Tawar Takengon,0.27,30.79,5.739130434782608
Collection O Darussalam Near Universitas Syiah Kuala Formerly Meurah Mulia,0.27,41.66,8.395348837209303
Hotel Belangi Syariah Takengon Mitra RedDoorz,0.27,25.79,6.314285714285715
Casanemo Beach Resort & Spa,0.32999999999999996,39.76,8.62890756302521
Hotel Bayu Hill,0.28,31.86,7.614545454545455
UMAH BANGO BUNGALOW,0.2,0.0,10.0
Muraya Hotel Aceh ,0.25,29.46,8.3
Grand Bayu Hill Hotel,0.25,38.93,8.459130434782608
Pintu Waluh Homestay,0.18000000000000002,47.56,8.4
Hotel Diana Banda Aceh,0.22,0.0,0.0
Grand Emperom Hotel Mitra RedDoorz,0.27,37.79,8.745454545454546
Hip Hope Hotel,0.22,39.53,9.22162162162162
Wisma Diamond,0.17,0.0,8.4
RedDoorz Syariah near Pasar Aceh Shopping Centre,0.27,33.57,6.332075471698114
Arizona Guesthouse,0.22,0.0,6.666666666666667
RedDoorz Syariah near Ujong Kareung Beach Sabang,0.38,35.59,7.984
Hotel Qory Syari'ah,0.25,0.0,10.0
Plum Hotel Lading Banda Aceh,0.19999999999999998,40.61,8.008275862068967
Guest House Gani Syariah,0.3,0.0,2.0
RedDoorz Syariah @ Jalan Gajah Mada Meulaboh,0.2,36.16,8.175
The Pade Dive Resort,0.28,27.71,7.174193548387097
New York Room-a Boutique Hotel in Banda Aceh,0.15000000000000002,0.0,0.0
Gayo Room-a Boutique Hotel in Banda Aceh,0.17,0.0,0.0
Ulumasen Room-a Boutique Hotel in Banda Aceh,0.15000000000000002,0.0,0.0
RedDoorz Syariah near Pelabuhan Ulee Lheue Banda Aceh,0.2,38.27,8.958333333333334
Banda Aceh Batoh Homestay - private - fits up to 8 persons,0.28,0.0,8.6
Rihlah Resort Iboih Sabang,0.28,28.55,9.217391304347826
Pahang Room-a Boutique Hotel in Banda Aceh,0.15000000000000002,0.0,0.0
BEU CEBEUH COTTAGE ,0.23,32.67,7.780952380952381
RedDoorz @ Wisma Nabila Syariah near Masjid Raya Baiturrahman Banda Aceh,0.2,39.31,5.644444444444445
Dream Hill Villa Burtelege Takengon,0.28,0.0,0.0
Portola Grand Renggali Hotel Takengon,0.25,42.03,8.302512562814071
Capital O 92096 Kuala Ulee Lheue Residence Syariah,0.2,43.26,8.053179190751445
Portola Grand Arabia Hotel,0.35,44.79,8.65875
Alhambra Hotel Banda Aceh,0.35,43.35,8.817721518987343
Ranls Dream Syari'ah Banda Aceh,0.25,28.37,4.588679245283019
RedDoorz Syariah @ Harley Hotel Sabang,0.2,40.61,8.08135593220339
Portola Arabia Hotel,0.39999999999999997,0.0,8.27878787878788
RedDoorz Syariah @ Panglima Nyak Makam Aceh 2,0.2,34.04,4.821621621621622
Collection O Peunayong Near Masjid Raya Baiturrahman Formerly Siwah Hotel,0.23,41.72,8.125454545454545
Griya Arida Aceh,0.28,0.0,8.366666666666667
EVA SKY HOTEL,0.1,0.0,0.0
sunrise seasports,0.38,59.52,9.333333333333334
Hotel Rasamala,0.25,45.55,9.128571428571428
Hadrah Hotel,0.27,38.3,7.1773584905660375
Fhandika Boutique Inc.,0.37,40.04,8.657894736842104
My Home Aceh ,0.25,0.0,0.0
Hotel 889 Syariah Redpartner Banda Aceh,0.25,30.79,4.66
Hotel Grand Nanggroe,0.35,0.0,2.8
Permatahati Hotel and Convention Center,0.28,0.0,6.8962962962962955
Garuda Hotel ,0.22,40.83,8.295575221238938
Hotel 61 Banda Aceh,0.35,43.54,9.46606334841629
RedDoorz Syariah near Balai Meuseuraya Aceh,0.25,31.62,5.6
Wisma Syariah Lambhuk Banda Aceh RedPartner,0.25,0.0,4.15
Luxury villa with sea garden & sea view,0.3,0.0,0.0
SEUNIA HOTEL,0.25,0.0,4.333333333333333
Diara Bungalow,0.1,41.68,7.659574468085107
Kumala Hotel Banda Aceh,0.0,0.0,0.0
Kenangan Guest House,0.25,31.49,8.7
Amira Bungalow Iboih,0.03,0.0,0.0
Homestay Syariah Casa Sakinah,0.0,0.0,0.0
Hijrah Hotel,0.27,0.0,0.0
My Home Aceh,0.30000000000000004,43.73,8.219607843137254
Private Room in Banda Aceh,0.3,39.77,9.127272727272727
Quanza Hotel,0.05,0.0,0.0
RedDoorz Syariah Near Taman Kopi Gayo,0.05,0.0,0.0
Mabit Hotel Syariah,0.2,37.78,9.200000000000001
Hotel Wisata Banda Aceh,0.22,37.73,8.75294117647059
Hotel Wisata Banda Aceh,0.25,0.0,7.0
Acc Family Homestay Takengon,0.05,0.0,0.0
Villa Kelamun Ine R-F,0.0,0.0,0.0
Apollo Bungalows,0.28,46.84,9.290566037735848
Penginapan Syariah Maqila,0.0,0.0,0.0
HILANI BOUTIQUE HOTEL,0.35,48.26,9.205333333333334
Sribudaya Resort Aceh,0.25,33.67,8.45
al sattar  homestay syariah,0.05,0.0,10.0
Ratu Balqis Homestay ,0.25,37.69,9.0
SULTAN HOTEL BANDA ACEH,0.35,22.33,7.57037037037037
De Papel Homestay,0.25,0.0,8.666666666666666
RedDoorz Syariah @ Florensa Banda Aceh 2,0.25,0.0,0.0
Hotel O Kuta Alam Near Masjid Oman Al-Makmur Formerly Daka Hotel,0.2,37.63,7.63265306122449
Medina House Syariah Aceh,0.27,29.09,5.6000000000000005
Cahaya kos putri,0.27,39.42,9.866666666666667
Belazee homestay,0.0,0.0,10.0
ZHOUSE HOTEL,0.25,55.12,8.639999999999999
Hotel Meurah Mulia,0.3,0.0,6.20625
Hotel O Banda Aceh near Masjid Raya Baiturrahman formerly Wisma Tsacita,0.2,38.65,7.203883495145631
Dancenter Kuta Alam Near Masjid Oman Al-Makmur Formerly Daka Hotel,0.2,38.61,8.173333333333334
Collection O Banda Aceh near Masjid Raya Baiturrahman formerly Hotel Mulana,0.2,41.83,8.328630705394191
Pavilliun Seulawah,0.1,0.0,0.0
SeGuestHouse,0.25,0.0,4.0
Grand Mahoni Hotel,0.15000000000000002,46.09,9.210526315789474
Sei Hotel ,0.2,0.0,0.0
pulau weh sabang Coco jungle,0.28,51.3,9.533333333333333
Mars Resort ,0.3,27.94,5.12
Luxe5 Inn Hj Hasnah Hasan,0.42,40.35,9.173333333333334
Luxe5 Inn Hj Hasnah Hasan,0.25,0.0,0.0
Hermes Palace Hotel Banda Aceh ,0.28,44.37,7.844058500914077
Dang-Dang Na Bungalows,0.23,0.0,6.6000000000000005
Hotel Qory Syariah,0.42,0.0,0.0
Losmen PUM Syariah at Desa Wisata Sabang,0.1,0.0,0.0
sekost&guesthouse,0.15000000000000002,0.0,0.0
Furqan guest house fan room,0.18000000000000002,0.0,10.0
Hotel O Banda Aceh near UIN formerly Alif Guest House Syariah,0.2,34.77,7.035294117647059
grand koetaradja permai hotel,0.2,0.0,9.28
Abaka Hotel Banda Aceh,0.15000000000000002,0.0,0.0
Pondok Simpang Tiga,0.27,40.57,9.185185185185185
Collection O near Museum Tsunami Banda Aceh formerly Blower Residence,0.2,32.67,7.6
RedDoorz Syariah @ Hotel Seunia Banda Aceh,0.25,38.38,5.938461538461539
AAL Homestay Syariah,0.18000000000000002,42.07,9.76
Capital O 854 Ub Caisar Hotel,0.25,25.97,6.0
Z.I. Homestay Banda Aceh,0.15000000000000002,0.0,0.0
Z.I. Homestay Banda Aceh,0.15000000000000002,0.0,0.0
The Hawk's Nest Resort,0.18000000000000002,40.53,9.353333333333333
Kuara Guest House Takengon,0.07,0.0,0.0
Hotel Alfatih Banda Aceh,0.25,0.0,0.0
Banda Capsule,0.39999999999999997,41.08,9.200000000000001
Awak Awai,0.23,0.0,10.0
Mitra Perdana Homestay ,0.17,0.0,0.0
OYO 94799 Siwah Hotel,0.25,41.6,8.78857142857143
OYO 94787 Hotel Mulana,0.12000000000000001,32.5,8.703448275862069
Dentalinn,0.27,0.0,4.933333333333334
Penginapan JANNAH Syariah,0.0,0.0,0.0
Penginapan JANNAH Syariah,0.0,0.0,9.2
Gayo Belangi Resort,0.2,0.0,0.0
AMODA Hotel & Cafe By Sativa,0.22,0.0,0.0
Freddies Villas Sabang,0.28,26.2,8.15
Hotel Mekkah Banda Aceh,0.25,43.81,7.425196850393701
Dancenter Wisma Tsacita,0.2,0.0,9.200000000000001
Dancenter Alif Guest House,0.2,41.35,7.066666666666666
Utama Hotel,0.25,0.0,8.799999999999999
Dancenter Meurah Mulia,0.22,58.44,9.090909090909092
Medina House Aceh,0.15000000000000002,0.0,9.6
Hotel Grand Permata Hati,0.15,0.0,0.0
Utama Lueng Bata Hotel,0.17,23.55,4.4
Utama Kuta Alam Guest House,0.17,27.61,7.966666666666666
Pineung Residence Syariah,0.05,0.0,0.0
Kanaya Homestay Syari’ah Banda Aceh,0.0,0.0,0.0
Freddies Villas Sabang,0.0,0.0,0.0
Mata Ie Resort Sabang,0.23,37.69,9.866666666666667
Hotel O near Terminal Batoh formerly Hotel Al Fatih,0.2,28.96,7.88
Gayo Petro Hotel Takengon,0.32,33.16,7.5
Dancenter Hotel Al Fatih,0.2,30.05,6.542857142857143
HOUSING 58,0.17,0.0,0.0
TEUPIN LAYEU HOTEL,0.23,40.34,9.866666666666667
Hotel O near Masjid Raya Baiturrahman,0.25,0.0,7.905882352941177
Townhouse Oak near Tugu Simpang Lima formerly GM Inn Hotel,0.23,48.96,9.090909090909092
Senangin Residence,0.25,0.0,0.0
Al Hanifi Hotel,0.0,0.0,0.0
Ilona Boutique Hotel,0.0,0.0,0.0
Hijrah Inn Banda Aceh,0.1,0.0,0.0
Hotel Grand Langkawi By ZIRI,0.23,33.77,8.56
Dancenter Hotel Gm Inn,0.22,0.0,8.0
Penginapan paradis,0.17,0.0,10.0
DETARA HOMESTAY SYARIAH,0.27,0.0,0.0
Celestial Guest House Banda Aceh,0.15000000000000002,0.0,0.0
Housing 58 homestay,0.27,0.0,0.0
Townhouse Oak near RSUD Dr. Zainoel Abidin formerly Poma Hotel,0.25,0.0,0.0
RedDoorz Syariah @ Panglima Nyak Makam Aceh,0.25,40.09,8.183240223463686
Fairuz Hotel Managed by Calandra,0.0,0.0,0.0
RedDoorz Syariah near Simpang Surabaya Aceh,0.35,30.73,4.583050847457627
Casapedian 001  (Guesthouse B. Aceh 2BR),0.17,0.0,0.0
Rumah ALMIRA Homestay,0.17,0.0,0.0
Hotel O near Rahmat International Wildlife Museum & Gallery formerly Tsacita 2,0.25,0.0,0.0
WISMA JEUMPA TAKENGON,0.42,0.0,0.0
Capital O 854 Ub Caisar Hotel,0.35,35.67,5.587999999999999
RedDoorz Syariah @ Sumur Tiga Beach Sabang Aceh,0.25,40.89,7.269811320754717
Hotel Grand Permata Hati,0.25,0.0,7.867924528301887
Intense Maia Hotel,0.2,0.0,0.0
